Topic,Count,Name,Representation,Representative_Docs
-1,2597,-1_camping_camp_pemandangan_gunung,"['camping', 'camp', 'pemandangan', 'gunung', 'warung', 'pos', 'jam', 'air', 'puncak', 'jalur']","['pemandangan alam bagus gunung cocok pendaki pemula', 'kamis juli kali berkunjung twa berubah singkat cerita kali keluarga berencana menikmati memperkenalkan mengedukasi twa rencana membawa carier camp pondok salada berubah camp area camp basecamp terfikir dicapai tektok sat sehinga mengendong peralatan fasilitas basecamp lengkap terfikir membawa anak berangkat jakarta jam malam kaki gunung jam subuh berhenti masjid agung cisurupan istirahat sholat subuh masjid pasar tradisional ramai pagi membeli logistik sarapan jam berangkat basecamp tiketing buka jam pagi dibawah jam pagi kendaran dilarang masuk menungu gapura tiketing infonya fasilitas ruang tungu toilet akses harga tiket masuk lupa kisaran rporg tsb camp anak usia dibawah fre warung sat kamis jumat pagi sd sore malam buka toko penyewan alat outdor buka sd pagi tempatnya camp lumayan luas fasilitas lengkap mushola toilet bersih area camp airnya hangat akses jalan kaki bagus spot camp penerangan lampu taman pemandian air panas belerang harga tiket rp butuh efort membawa barang parkir', 'mengunjungi gunung juli mingun lebaran haji terletak kecamatan cisurupan lurus jalan langsung arah gunung khawatir informasi spanduk kawasan gunung masuk jalanya nanya orang dideskripsikan jalan raya ambil jalan lurusnya arah arah garut kota kecepatan kmjam nyampe jam disarankan isi bensin kendaran mengunakan kendaran pribadi garut kota motor isi bensin spbu pom bensin sanding pertamax pertalite premium pom bensin kendaran mengunakan elf minibus sat turun jalan raya kawasan gunungnya ojek harha ojeknya lumayan menguras budget jalan kawasan gunung melewati rumah warga jalanya bagus aspal mendekati kawasan gunung home stay menginap sat masuk gerbang utama langsung bayar tiket orang dihitung rp kendaran motor dihitung rp boncengan motor bayar rp pulang pergi ptektoktidak menginaptidak camp bayar dicek suhu tubuh petugasnya sekedar informasi warga lokal kabupaten garut salah pengunjung berencana ngecamp surat keterangan sehat berubah kebijakan pengelola cari tau ya pas kesana tiket gerbang dibukakan parkiran parkir motor bayar helm dititipkan penitipan helm mengunakan karcis pengambilan helm sat pulangnya ilang karcisnya sat perjalanan beristitahat saungsaung camping ground pondok saladah mushola toilet air melimpah sat musim kemarau airnya dingin asli deh bong warungwarung harganya masuk akal jalan hutan mati perjalanan santai lumayan istirahat jalan hutan mati tanga konsekuensi panas terik langsung matahari jalur terbuka tertutup vegetasi jalur hutan terbaik jalur normal jalur terjal hutan mati hutan jalur normal melewati sungai sempet fotofoto disanan selamat oh iya seriap poswarungmushola penjaganya stand disana ngecamp tektok ya tingal wcnya bersih musholanya nyaman taman edelweis taman bermain menara pandang parkiran luas motor mobil tokowarung makan tempar menjual merchandise sayang pandemi tutup semoga pandeminya cepet']"
0,332,0_mantap_seru_kangen_treknya,"['mantap', 'seru', 'kangen', 'treknya', 'rindu', 'penat', 'alah', 'masyalah', 'pengen', 'candu']","['treknya mantap', 'mantap treknya', 'mantap banget']"
1,248,1_gunung_indah_mountain_pemandangan,"['gunung', 'indah', 'mountain', 'pemandangan', 'keindahan', 'mendaki', 'merasakan', 'alam', 'pesona', 'gunungnya']","['gunung pemandangan bagus indah', 'pemandangan gunung indah', 'pemandangan gunung indah']"
2,208,2_gunung_yok_keturutan_mantap,"['gunung', 'yok', 'keturutan', 'mantap', 'umat', 'tertingi', 'puncak', 'garut', 'puji', 'gunungnya']","['yok yok puji tuhan keturutan mendaki gunung', 'yok yok puji tuhan keturutan mendaki gunung', 'yok yok puji tuhan keturutan mendaki gunung']"
3,124,3_indah_cantik_keindahan_indahnya,"['indah', 'cantik', 'keindahan', 'indahnya', 'hakiki', 'beautiful', 'menjamah', 'rasakan', 'saking', 'keindahanya']","['indah banget', 'indah banget', 'indah indah']"
4,102,4_kabupaten_kawah_kawasan_memiliki,"['kabupaten', 'kawah', 'kawasan', 'memiliki', 'nasional', 'gunung', 'jawa', 'taman', 'wilayah', 'terletak']","['gunung ceremai seringkali salah kaprah dinamakan aksara sunda baku latin gunung cerem gunung berapi kerucut administratif wilayah kabupaten kabupaten kuningan kabupaten majalengka provinsi jawa barat posisi geografis puncaknya terletak ls bt ketingian permukan laut gunung gunung tertingi jawa barat gunung gunung ceremai arah cigugur kuningan titik tertingi ketingian ft puncak ft masuk daftar ultra ribu kordinat e e geografi gunung jawa barat indonesia geologi jenis gunung stratovolcano letusan maret pendakian rute termudah palutungan rute normal apuy lingarjati lingasana gunung ceremai jalan tol cikopopalimanan arah cirebon gunung ceremai desa loji kecamatan jatiwangi kabupaten majalengka careme abad foto koleksi tropenmuseum amsterdam gunung memiliki kawah ganda kawah barat beradius terpotong kawah timur beradius ketingian dpl lereng selatan bekas titik letusan dinamakan gowa walet ceremai kawasan taman nasional gunung tngc memiliki luas total hektare nama gunung berasal cereme phylanthus acidus sejenis tumbuhan perdu berbuah rada masam seringkali gejala hiperkorek akibat banyaknya nama wilayah pasundan mengunakan awalan ci penaman', 'gunung gunung sapto argo kompleks gunung berapi terletak selatan jakarta pulau jawa kawasan rangkaian gunung wilayah kabupaten sukabumi kabupaten bogor jawa barat pengelolan kawasan hutanya perum perhutani kesatuan pemangkuan hutan kph bogor wilayah perluasan taman nasional gunung halimun dikelola taman nasional gunung halimunsalak gunung berusia relatif tua sehinga memiliki puncak geoposisi puncak tertingi gunung ls bt dinamakan puncak ketingian puncak permukan laut dpl nama tanaman sesunguhnya berasal bahasa sanskerta salaka perak gunung gunung api strato tipe puncak tertingi puncak hartman puncak berusia tertua puncak berketingian dpl diangap tertua muncul puncak sumbul ketingian dpl kawah aktif puncak kawah terbesar kawah ratu kawah termuda kawah cikuluwung putri kawah hirup sistem kawah ratu semenjak tercatat kali letusan rangkaian letusan letusan erupsi freatik kawah cikuluwung putri catatan pvmbg erupsi terbesar bersifat erupsi magmatis bersifat merusak catatan korban morfologi gunung memiliki jurang curam tubuh gunung puncak tertutup hutan lebat kontur gunung mudah kali menipu pendaki penerbang melewati kawasan pegunungan', 'gunung memiliki kawah ganda kawah barat beradius terpotong kawah timur beradius ketingian dpl lereng selatan bekas titik letusan dinamakan gowa walet ceremai kawasan taman nasional gunung tngc memiliki luas total hektare administratif wilayah kabupaten kabupaten kuningan kabupaten majalengka provinsi jawa barat posisi geografis puncaknya terletak ls bt ketingian permukan laut gunung gunung tertingi jawa barat']"
5,96,5_hutan_mati_matinya_forest,"['hutan', 'mati', 'matinya', 'forest', 'lumut', 'dead', 'hutanya', 'lembab', 'vegetasi', 'babi']","['hutan mati pemandanganya indah', 'hutan mati keren banget', 'hutan mati keren']"
6,88,6_keluarga_family_liburan_cocok,"['keluarga', 'family', 'liburan', 'cocok', 'rekreasi', 'bareng', 'wisata', 'kemping', 'bokap', 'kerabat']","['cocok pendaki pemula keluarga', 'bagus keluarga', 'cocok keluarga']"
7,84,7_bersih_kebersihanya_kebersihan_jaga,"['bersih', 'kebersihanya', 'kebersihan', 'jaga', 'polusi', 'tempatnya', 'clean', 'sampah', 'pelayanan', 'nyaman']","['tempatnya bersih nyaman', 'bersih pemandangan bagus', 'bersih tempatnya']"
8,80,8_menyenangkan_lezat_memuaskan_suka,"['menyenangkan', 'lezat', 'memuaskan', 'suka', 'bahagia', 'menyenagkan', 'kenikmatan', 'makananya', 'welcome', 'refreshing']","['menyenangkan', 'menyenangkan', 'menyenangkan']"
9,75,9_place_beautiful_places_nice,"['place', 'beautiful', 'places', 'nice', 'great', 'wonderful', 'best', 'relax', 'visit', 'amazing']","['beautiful place', 'beautiful place', 'beautiful place']"
10,74,10_bagus_banget_masyalah_fasilitasnya,"['bagus', 'banget', 'masyalah', 'fasilitasnya', 'baguspuncaknya', 'asrikearipan', 'ceban', 'danganya', 'baguskren', 'belo']","['bagus jalur bagus', 'bagus banget', 'bagus banget']"
11,73,11_kesini_pengen_kesana_bosen,"['kesini', 'pengen', 'kesana', 'bosen', 'pingin', 'rindu', 'kangen', 'gadisku', 'enji', 'darang']","['pengen kesini', 'kesini', 'kesini']"
12,73,12_jalurnya_tracknya_mantap_manatap,"['jalurnya', 'tracknya', 'mantap', 'manatap', 'jalur', 'nama', 'dicoba', 'bos', 'mantul', 'gara']","['jalurnya mantap', 'jalurnya mantap', 'jalurnya mantap']"
13,68,13_sejuk_dingin_hawanya_rindang,"['sejuk', 'dingin', 'hawanya', 'rindang', 'asik', 'asri', 'menghangatkan', 'pemanasan', 'bnr', 'dinginya']","['sejuk asri banget', 'dingin dingin seru', 'lezat hawanya sejuk dingin']"
14,68,14_mountain_beautiful_indah_gunungnya,"['mountain', 'beautiful', 'indah', 'gunungnya', 'indahnya', 'gunung', 'dijawabarat', 'memberikn', 'indahdilihat', 'dikampungku']","['beautiful mountain', 'beautiful mountain', 'beautiful mountain']"
15,65,15_air_sumber_airnya_mata,"['air', 'sumber', 'airnya', 'mata', 'terjunya', 'terjun', 'konsumsi', 'luas', 'hemat', 'cibereum']","['nyaman ngecamp sumber mata air', 'luas tempatnya sumber airnya', 'luas sumber air']"
16,64,16_camping_camp_place_nice,"['camping', 'camp', 'place', 'nice', 'ceria', 'site', 'hiking', 'terbaik', 'great', 'bumper']","['camping bagus', 'bagus camping', 'nice place hiking camping']"
17,63,17_foto_spot_photo_instagramable,"['foto', 'spot', 'photo', 'instagramable', 'prewed', 'fotonya', 'bagus', 'fotografi', 'keren', 'papadayan']","['bagus foto', 'spot foto bagus', 'spot foto bagus']"
18,62,18_nyaman_tenang_menenangkan_santai,"['nyaman', 'tenang', 'menenangkan', 'santai', 'aman', 'melepas', 'rasakan', 'jona', 'guidenya', 'bimbang']","['nyaman seru tenang', 'bagus indah nyaman', 'nyaman bagus']"
19,62,19_pengalaman_experience_petualangan_amazing,"['pengalaman', 'experience', 'petualangan', 'amazing', 'berharga', 'great', 'adventure', 'experiences', 'sia', 'seru']","['pengalaman mdpl', 'keren pemandangan pengalaman', 'pengalaman indah']"
20,55,20_toilet_bersih_mushola_toiletnya,"['toilet', 'bersih', 'mushola', 'toiletnya', 'mandinya', 'kamar', 'fasilitas', 'warung', 'musholah', 'air']","['pendakian bagus menyenangkan jalur bagus fasilitas toilet mushola', 'nyaman mushola toilet', 'bagus mushola toilet warung air']"
21,55,21_recomended_rekomendasi_recomend_rekomended,"['recomended', 'rekomendasi', 'recomend', 'rekomended', 'direkomendasikan', 'pemula', 'highly', 'artventure', 'alamsalam', 'mantapsalah']","['recomended', 'recomended pemula', 'recomended pemula']"
22,55,22_pos_menit_jam_mobil,"['pos', 'menit', 'jam', 'mobil', 'ribu', 'parkir', 'motor', 'basecamp', 'jalan', 'bc']","['alhamdulilah mantab staf ranger ramah gercep posisi tol ktp diambil langsung contact pos bc kang heru alhamdulilah dikirim via paket terima kasih staf pengelola bc tapak geurot sekilas perjalanan hiking gunung base camp jam ojek pos air pos idr k pos air pos jalan santai menit jam istirahat menit gas pos pos menit pos istirahat menit gas pos pos perang batin menyerah keluarga semangat memuncak pos jam maklum bawa bocil genap jalan menit istirahat menit langsung mendirikan tenda ngecamp pos pas malam suhunya dingin berkisar derajat istirahat besok paginya jam sumit bonus landainya ya gas nanjak ampun pos pos kurleb menit jalan santai banget saingan keong pos pos kurleb menit gas pos pos menit istirahat makan benerin baut dengkul mlocot pos puncak kurleb menit puncak pas jam kurleb jam menit perjuangan extra puncak jos', 'mingu juni pendakian gunung via tapak gerot pembagian form pendaftaran bsa diambl diloket jam set petugas stand penyerahan sndiri loket buka jam pagi htm korg parkir mbl kunjungan drumah wrga pendakian dmulai pagi penyerahan form beserta pengecekan lumayan antre petugas dn wrga skitar sgt koperatif ramah super informatif membantu pendaki bru k ckuray estimasi bc k pos ojeg menit pakai ojeg bsa bayar k prjalanan skitar menit pos shelter warung jga mushola air kurg memadai bwa sndiri pakai botol trek jln beraspal menanjak pos pos skitar kurglebih trek sudh dominasi tanah merah menanjak tipis asik pos pos jam tanjakan tersedia tambang diseblah knan rute bsa mudahkan ktika jalanan licin sbelum pos camp area wrung bwa uang tunai sih jajan mbantu perekonomian wrg skitar camp area trdpat sumber air mushola check point ya airnya bsa lgsg mnum super segar lezat lgsg sumbernya camp area pos menit trek tanah merah dbantu tali tambang dpasang bc tanga kayu tanga tanah dbuat tapak gerot pos trek trpanjang terlama skitar jam trek tanga tanah merah akar smua lengkap disetiap pos shelter khawtir berteduh hujan atw skedar istrht pos puncak skitar menit didominasi bebatuan pncak smakin dpuncak tersedia wrung khas cikury adl cuankinya hrga kporsi lezat lumayan dtrek bersih bnyak dtmukan sampah trimksih bnyak bgi pra pendaki sadar kawasan dn bertangung jwab bgtupun bc luarbisasa merawat rute via tapak gerot super nyaman sih lezat pijakan rute lebar khawtir jatuh hrs tep waspada ya ktika dktingian takut jurang dtutupi rmbunya pohon kcil pendakian gunung via tapak gerot super puas sih menyenangkan', 'mendaki musim hujan puas november tangal rabu jalur tapak geurot dibanding jalur pemancar jalur tapak geurot populer berangkat cileunyi pagi sarapan belanja jam base camp tapak geurot registrasi packing ransel biaya tiket murah ribu orang bawa mobil dikenakan biaya parkir ribu base camp briefing singkat ktp dititipkan base camp pendakian oya menyerahkan surat keterangan sehat sertifikat vaksin base camp lainya jalan jam siang melewati jalan desa gerbang pendakian pos camping ground jalur pendakian base camp disarankan camping pos camping ground luas sumber air sehinga bawa air kemasan pos perjalanan pos jalur pendakian melewati kebunkebun warga wajar berpapasan petanipetani khusus pos warung dikelola warga istirahat makan minum warung istimewanya warung mck pancuran air pos warung harihari wekday warung pos tutup kesokan harinya jam perjalanan sumit langit cerah bintangbintang pos berhenti persiapan sholat subuh subuh masuk jam berwudhu sholat subuh berjamah salah teman mengumandangkan azan subuh kegelapan rimba sholat subuh siapsiap melanjutkan perjalanan pos dapati cahaya matahari pagi meremang pos dapati jam pos betulbetul bersyukur pos senyaman luap ngecamp senyaman pos pos bergerak puncak menit puncak sinar matahari lembut menyinari jalur puncak langit bersih awan menghalangi matahari puncak gunung satusatunya rombongan pendaki rombongan aumit pagi mendaki jalur viral puncak mendapati gerobak jualan siomay porsi harga ribu rupiah gorengan sepotongnya ribu rupiah jam istirahat menikmati ketingian mdpl turun turun diringi pemandangan lautan awan puncak pendakian melulu perjalanan puncak perjalanan turun selamat rumah pulang jalur tapak geurot jalur jalur pemancar kiara jangut semoga']"
23,54,23_indah_terindah__,"['indah', 'terindah', '', '', '', '', '', '', '', '']","['indah', 'indah', 'indah']"
24,53,24_ngangenin_ketagihan_prubahan_kembangkan,"['ngangenin', 'ketagihan', 'prubahan', 'kembangkan', 'hemukan', 'ygku', 'kampungku', 'penungu', 'pelayanya', 'romantis']","['ngangenin', 'ngangenin', 'ngangenin']"
25,53,25_ciptan_tuhan_ciptanmu_alah,"['ciptan', 'tuhan', 'ciptanmu', 'alah', 'kuasa', 'sang', 'sunguh', 'subhanalah', 'maha', 'indahnya']","['ciptan tuhan', 'indah ciptan tuhan', 'sunguh ciptan tuhan']"
26,52,26_indah_pemandanganya_sunguh_pemandangan,"['indah', 'pemandanganya', 'sunguh', 'pemandangan', 'icon', 'bnget', 'masya', 'city', 'banget', 'pandang']","['pemandanganya indah banget', 'pemandanganya indah banget', 'indah banget pemandanganya']"
27,52,27_barat_tertingi_jawa_atap,"['barat', 'tertingi', 'jawa', 'atap', 'gunung', 'tingi', 'rekomendasikan', 'pendakian', 'datanf', 'mdpl']","['mendaki gunung puncak tertingi jawa barat rekomendasikan jalur apuy majalengka', 'pendakian gunung via apuy mantap seru gunung gunung tertingi jawa barat', 'mendaki gunung menantang seru gunung tertingi jawa barat']"
28,52,28_tiket_mahal_tiketnya_masuk,"['tiket', 'mahal', 'tiketnya', 'masuk', 'harga', 'ticket', 'murah', 'kemahalan', 'terawat', 'lumayan']","['lokasi rapih terawat bersih tiket masuk mahal', 'tempatnya keren harga tiket masuknya lumayan mahal', 'tempatnya bagus camping tiket masuk mahal']"
29,52,29_wisata_alam_alamnya_dulunya,"['wisata', 'alam', 'alamnya', 'dulunya', 'liburan', 'alami', 'pecinta', 'prepare', 'sejuta', 'garut']","['wisata alam indah salah hiking bagus', 'hiking wisata alam cocok pemula', 'wisata alam bagus']"
30,51,30_putri_kencana_surya_cibodas,"['putri', 'kencana', 'surya', 'cibodas', 'via', 'alunalun', 'get', 'jalur', 'jam', 'hrs']","['surya kencana camping ground tertingi gunung surya kencana camping ground kandang badak jalur cibodas jam surya kencana memilih jalur jalur cibodas tracknya bervariasi memakan jam surya kencana jalur gunung putri jalurnya landai memakan jam surya kencana jalur manapun dinikmati prosesnya menyenangkan ya sayangi gunung bawa turun sampah ya sobat mountainers', 'pengalaman mendaki gunung pendakian cibodas turun gunung putri bermalam kandang badak puncak turun alunalun surya kencana bosan mendaki tangal mei mendaki gunung kali jalur gunung putri melelahkan jalur jaraknya menanjak menguras tenaga terbayarkan alunalun surya kencana puncak gunung', 'would like put mountain perspective foreign hikers hard started putri climbed finished cibodas hours putri sumit hrs sumit cibodas cal hrs total break thus manageable day hike im means super fit average hiker number volcanoes belt trail excelent shape sure vertical harder similar distance elevation gain alps example runing shoes trail shoes fine charge minimum people pay foreigner two imaginary indonesians easy find grab taxi motorbike get cibodas back putri car parked like overal quite lovely worth much garbage like walking garbage pit lets say place trail cant least one piece garbage putri side much busier cibodas side people vs people hiked wekday april warungs litle shops plentiful like every vertical mostly open putri side cibodas side les closed od one open ned water hope helps']"
31,50,31_wisata_dikunjungi_kunjungi_destinasi,"['wisata', 'dikunjungi', 'kunjungi', 'destinasi', 'wisatanya', 'wajib', 'layak', 'menyenangkan', 'usia', 'pandayan']","['wisata wajib dikunjungi garut', 'destinasi wisata wajib kunjungi', 'wisata wajib dikunjungi']"
32,50,32_sampah_sampahnya_buang_sembarangan,"['sampah', 'sampahnya', 'buang', 'sembarangan', 'lingkungan', 'sadar', 'pendaki', 'jaga', 'kedepanya', 'please']","['sepajang jalur apuy palutungan sampah tiaptiap pos mendirikan shelter saran pendaki membawa sampahnya turun mendaki gunung mendaki tumpukan sampah pembuangan sampah gunung sampah', 'lupakan pengalaman mendaki gngede jalur pendakianya cocok pemula suasanya gunung terbilang asri udaranya segar pemandangan memanjakan mata saran calon pendaki kedepan buang sampah sembarangan sampah plastik jaga kelangsungan alam sikap peduli lingkungan salam lestari saran mohon disetiap beskem mohon disediakan sampah trimakasih', 'kesini bagus alunya sayangnya sampah berserakan pesan pendaki buang sampah sembarangan bawa plastik sampah bawa pembuangan sampah sesuai ditentukansemoga kedepanya bersih']"
33,49,33_adem_fresh_udara_udaranya,"['adem', 'fresh', 'udara', 'udaranya', 'segar', 'seger', 'oksigen', 'nyaman', 'tempatnya', 'pikiran']","['mantap adem', 'tempatnya adem banget', 'adem banget']"
34,48,34_keren_wow_pokoknya_waw,"['keren', 'wow', 'pokoknya', 'waw', 'takjub', 'ah', 'destinasinya', 'tempatempatnya', 'tnya', 'ring']","['keren', 'keren', 'keren']"
35,48,35_bagus_pemandanganya_pemandangan_sia,"['bagus', 'pemandanganya', 'pemandangan', 'sia', 'oke', 'madodet', 'perjuamgan', 'terlampau', 'nolak', 'babitapi']","['bagus banget pemandangan', 'pemandanganya bagus banget', 'bagus banget pemandanganya']"
36,47,36_mantep_pisan_mang_euleum,"['mantep', 'pisan', 'mang', 'euleum', 'siyap', 'merinding', 'menapakan', 'diusia', 'gendong', 'tanjakanya']","['thanks jalur pemancarthanks mang ade mang ucok sehat amin', 'mang euleum euleum teu kadieu cnah wisata jeung mahal', 'mantep mantep cuy keren banget siyap siyap santuy']"
37,47,37_terlupakan_kenangan_pengalaman_takan,"['terlupakan', 'kenangan', 'pengalaman', 'takan', 'dibagikan', 'andaniscaya', 'kembar', 'kabar', 'padamu', 'mnis']","['pengalaman terlupakan', 'pengalaman terlupakan', 'pengalaman terlupakan']"
38,47,38_first_pemula_mountain_time,"['first', 'pemula', 'mountain', 'time', 'cocok', 'god', 'beginer', 'perdana', 'climbing', 'gunung']","['first mountain climbing god hiking pemandangan', 'cocok first time hiking gunung', 'first mountain god pemandangan']"
39,46,39_jam_tenda_kodir_basecamp,"['jam', 'tenda', 'kodir', 'basecamp', 'camp', 'kang', 'disitu', 'apuy', 'pikup', 'camping']","['gunung cereme tingi mdpl jalur apuy pos pos pos kelelawar disitu dipake pendaki tenda saranku tenda disitu gakuat dingin puncaknya luas main bola ngak puncak gunung', 'jalurnya lumayan menantang uji nyali bagas bumbu misteri tipe pendaki malam suka tidur diluar tenda sarankan buka tenda dipos pengalaman ngepos disitu lumayan aman ganguan binatang lainya', 'basecamp kang kodir sih best gunung pastinya asing keramahan kang kodir hati sungkan membantu pendaki terimakasih kang kodir kebaikanya banga sat basecamp kang kodir rekomendasikan']"
40,46,40_mental_jiwa_fisik_latihan,"['mental', 'jiwa', 'fisik', 'latihan', 'otak', 'siapkan', 'melatih', 'fisiknya', 'refresh', 'semangat']","['siapkan mental', 'treknya lumayan menguji mental fisik', 'fisik mental aman']"
41,44,41_amazing_menakjubkan_wonderful_mengagumkan,"['amazing', 'menakjubkan', 'wonderful', 'mengagumkan', 'wow', 'misteriously', 'baguseakan', 'genta', 'ingris', 'misterius']","['amazing', 'amazing', 'keren bagus indah amazing']"
42,44,42_barat_jawa_west_java,"['barat', 'jawa', 'west', 'java', 'tertingi', 'terindah', 'mountain', 'highest', 'indah', 'great']","['gunung indah jawa barat', 'gunung indah jawa barat', 'gunung indah jawa barat']"
43,43,43_keindahan_alam_alamnya_aloh,"['keindahan', 'alam', 'alamnya', 'aloh', 'semesta', 'pesona', 'pecinta', 'indah', 'nuansa', 'cantik']","['keindahan alam garut', 'alam keindahan', 'keindahan alam indah']"
44,43,44_ribu_masuk_parkir_orang,"['ribu', 'masuk', 'parkir', 'orang', 'mobil', 'motor', 'biaya', 'masuknya', 'tiket', 'pas']","['biaya masuk ribu mobil ribu parkir bayar ribu kawah jalanan berbatu ngemodal jalan hotmix', 'pemula cocok banget sih gunung jalur aman ngak terjal tektok lezat ngak ngecamp jam puncak berenti foto normal jam nyampe tiket masuk ribu ngecamp tektok ribu perorang parkir mobil ribu akses jalan bagus pastin mobil kuat nanjak ya', 'bagus sayang mahalnya masuk orang ribu bawa motor ribu penitipan motor bayar ribu']"
45,43,45_air_sumber_kolam_panas,"['air', 'sumber', 'kolam', 'panas', 'terjun', 'melimpah', 'weuleuh', 'bgtz', 'subscribe', 'tetes']","['asri damai tentram suryakencana kenangan terlupakan disana rindu mata air suryakencana segar meminum langsung mata airnya mengalahkam produk kemasan air mineral yuk jaga alam kelak cucu menikmatinya', 'jalur pendakian gunung lengkap dibanding jalur air panas air terjun telaga tanjakan setan', 'kandang batu sumber air segar air terjun bernama panca weuleuh air terjun panca weuleuh bernama kandang badak persingahan simpang sumit puncak gpangrango']"
46,42,46_atap_barat_jawa_tertingi,"['atap', 'barat', 'jawa', 'tertingi', 'juara', 'jos', 'mandakinya', 'mantaptwa', 'semerunya', 'memukau']","['indah jawa barat', 'atap jawa barat terbaik', 'atap garut salah atap tertingi jawa barat']"
47,42,47_hiking_fun_favorite_best,"['hiking', 'fun', 'favorite', 'best', 'chalenging', 'peghobi', 'stif', 'suit', 'course', 'favoritku']","['hiking jam', 'hiking indah banget', 'hiking bagus']"
48,42,48_manik_puncak_jam_lihat,"['manik', 'puncak', 'jam', 'lihat', 'jalur', 'poto', 'hutan', 'ketemu', 'puncaknya', 'kangen']","['gunung salah gunung alami dibanding gunungunung trek pendakianya gunung jalur pendakianya gunung gedepangrango jalan setapak berbatu tersusun rapi gunung kental cerita mistisnya memiliki jalur pendakian ekstrim sat musim hujan jalur jalur aliran air pepohonan rimbun seringkali menutup jalur pendakian mencapai puncak manik jalur melewati sisi jurang foto mendaki gunung berharap pemandangan moment sunrise gunung terkenal sunrisenya puncak gunung terkenal puncak manik ditumbuhi pepohonan menjulang tingi gunung cenderung memiliki puncak lapanglega terlepas jalur pendakian ekstrim cerita mistis kental lainya gunung halhal menarik kawah ratu memanjakan kulit hangat belerang pemandangan pegunungan memukau hutan pinus menentramkan air terjun curug gunung air mata air gunung sumber air perusahan air mineral ternama perusahan menjaga kebersihan ketersedian sumber airnya ulas gunung gunung favorit apapun cerita mengambarkan betapa menariknya gunung kunjungi dakilah gunung mendapatka pegalaman ps mengotori gunung sampah bawa buanglah sampah tempatnya sampah', 'gunung cantik keren mistis rasakan begeto menjejakan kaki subhanalah ciptan alah pemandangan indah bangetslautan bukit batunya luas melebar menjulang tingi gagah penasaran dicampur daerah pepohonan cantik kehijauanya kepulan asap belerang kawah kiri jln dakian arah hutan mati jatuh cinta lautan awan pagi menjelang sunrisenya menambah keindahan gunung papandayansmuanya disanatracking pos pondok seladah ckp ramah pendaki pemulakurang lbh jam pos istirahat plus photo smua spot bagus malam qta beruntung bs lihat aurora skala tracking turun hutan mati menyuguhkan pemandangan memukaukalian perpaduan pemandangan grand canyon hutan belantara terbelah merekah indah alam terbentang luas disisi kiri perjalanansdgkan sisi kanan bukit batu kerenwuih sunguh kebeli rasanyasetelah melewati track kanan kiri hutan jalan ckp curam hrs extra hati licin batu kerikil pasir campur tanah dedaunanselain melewati curug keren nun kananyg membatasi track hutan qta curug lembah jurang bebatuan pohon bs jelasrekomen bgts hrs dtg lihat sdr gunung papandayansaya sdr pingin bgts blk lg kesana lwt area tracking lainya', 'berdasarkan sejarah hutan mati gunung letusan maha dahsyat gunung ratusan silam kirakira letusan tangal agustus keadan hutan mati identik angker nan menyeramkan lihat sudut pandangan berbeda ratusan pohon jenis cantigi berwarna hitam tumbuh diatas material lumpur kawah gunung sehinga menciptakan kesan eksotis menakjubkan lokasi wisata bersebelahan area camping ground pondok saladah bawahnya kawah airnya mengalir berhenti dilanjutkan jam perjalanan hiking tegal alun padang savana dimana edelweis tumbuh subur aroma belerang menyengat indra penciuman berjalanjalan disekitar kawasan hutan sensasi tersendiri pengunjung mengabadikan setia momen berswafoto temanteman memanfatkan pemandangan dead forest eksotis berselfie ria mingu libur keindahan ramai disaksikan pengunjung domestik bandung garut tasikmalaya ciamis banjar bekasi jakarta kerap kali wisatawan mancanegara menyempatkan mengunjungi lokasi wisata wisata hutan garut karamat wangi kecamatan cisurupan kabupaten garut provinsi jawa barat kode pos lokasi wisata pusat kota garut jaraknya kilometer tempuh jam berkunjung hutan mati indah pas matahari terbit menyaksikan keindahan ciptan alah swt indah hiking santai jam parkiran hutan mati hutan mati melanjutkan eksplore gunung tegal alun hamparan bunga edelweis jam hiking persiapkan fisik mental mengekplore sudut keindahan alamnya lupa bawa logistik sekedar jaga jaga haus lapar jalan area tersedia warung warung']"
49,41,49_pemandangan_indah_estetik_pandangan,"['pemandangan', 'indah', 'estetik', 'pandangan', 'beautiful', 'pos', '', '', '', '']","['pemandangan indah', 'pemandangan indah', 'pemandangan indah']"
50,39,50_putri_kopi_via_cibodas,"['putri', 'kopi', 'via', 'cibodas', 'pia', 'salabintana', 'kebuka', 'sumit', 'apa', 'jalur']","['gunung disarankan jalur gunung putri cibodas treknya', 'mendaki jalur gunung putri tracknya lumayan', 'cocok pemula jalur gunung putri']"
51,38,51_basecampnya_basecamp_base_nyaman,"['basecampnya', 'basecamp', 'base', 'nyaman', 'ramah', 'enakeun', 'indahviewnya', 'jah', 'jimy', 'responsif']","['basecamp pendakian bersih nyaman', 'ramah orang basecampnya mantap', 'nyaman basecampnya']"
52,38,52_pemandanganya_indah_pandanganya_indahnya,"['pemandanganya', 'indah', 'pandanganya', 'indahnya', 'kelihatanya', 'nian', 'kebayang', 'gan', 'awanya', 'cantik']","['indah pemandanganya', 'indah pemandanganya', 'pemandanganya indah']"
53,38,53_toilet_tiket_bersih_harga,"['toilet', 'tiket', 'bersih', 'harga', 'warung', 'mahal', 'fasilitas', 'tersedia', 'mushola', 'masuk']","['pos cigowong jalur pendakian gunung via palutungan jarak basecamp jam perjalanan posnya luas fasilitas lengkap shelter mushola dilengkapi karpet perlengkapanya sumber air bersih toilet camp area tertata rapi toilet bersih menjaga', 'pemandangan bagus fasilitasnya lengkap warung toilet jalur pendakian rapih sampah penyewan alat kemah warga lokal penjual makanan warungnynya ramah ramah keluhanya harga tiket masuk rada mahal dibandingkan gunung sesuai fasilitas tersedia semoga harga sekian depanya dikembangkan menjaga kelestarian alam', 'rapih bersih ya pengelolan pengen gunung versi mudah mewah solusi perjalanan pos istirahat wc warung pos camp goberhoet pondok saladah wc warung wcnya bersih terawat harganya sih tiket masuk terbilang mahal dibanding gunung tiket mahal terbayarkan fasilitas bagus']"
54,35,54_natural_alam_nature_jaga,"['natural', 'alam', 'nature', 'jaga', 'alamnya', 'alami', 'pencinta', 'mari', 'back', 'dikemegahan']","['destinasu alam natural', 'keadan lingkunganya natural mengugah penciptanya', 'keren natural']"
55,35,55_abdi_br_kapok_smpat,"['abdi', 'br', 'kapok', 'smpat', 'ajip', 'tapak', 'kesini', 'gerot', 'berucap', 'urus']","['garut br kmrn br smpat x beturut kesana smpat mngu br sesampainya bs berucap bs berucap masyalah alah maha alah maha eksotik pemandanganya', 'atasnya kecurugnya bagus sih cuman ngak tukang dagang kali yauntuk akses jalan lezat kasih batu batu alami banget buktinya monyet monyet turun pas jala n cuman kawatir monyetnya galak ko bawa makanan kantong baju pokoknya jos', 'pemandangan na alus na abdi mh teu kedah ka puncak bumi da sok kana genteng da caket bumi abdi mung abdi mh goalpara sukabumi katingal']"
56,34,56_pemandanganya_pemandangan_terbayar_memanjakan,"['pemandanganya', 'pemandangan', 'terbayar', 'memanjakan', 'aprove', 'jurasic', 'hiu', 'ngedakinya', 'wagelaseh', 'amaris']","['pemandangan memanjakan mata', 'lelah terbayar pemandangan puncak', 'pemandangan hotel amaris pakuan bogorsejuk']"
57,34,57_photo_indah_mudah_pendakian,"['photo', 'indah', 'mudah', 'pendakian', 'pemandanganya', 'lajur', 'cocol', 'health', 'buper', 'apalahi']","['indah pendaki pemula apalahi spot photo', 'pemandanganya keren jalur mendakinya bagus kuat ojek mengantar spot photo takut kehabisan logistik warung', 'nice place hiking trail tracking also god health air fresh go mount direction chose kawah ratu going post']"
58,34,58_terbaik_best_pokoknya_pengiriman,"['terbaik', 'best', 'pokoknya', 'pengiriman', 'relaksasi', 'wijaya', 'unit', 'merenung', 'niaga', 'arvitrans']","['best', 'edelweis terbaik', 'terbaik bagus']"
59,33,59_udaranya_udara_sejuk_dingin,"['udaranya', 'udara', 'sejuk', 'dingin', 'adem', 'udaranyacitra', 'merindukanmu', 'banyal', 'sayangat', 'udaranyasri']","['udaranya sejuk indah banget', 'udaranya sejuk banget', 'udaranya sejuk']"
60,33,60_sejuk_indah_dingin_bagusejukdingin,"['sejuk', 'indah', 'dingin', 'bagusejukdingin', 'menyenangan', 'dinginy', 'selpiy', 'sejukdingin', 'yanh', 'spoky']","['indah sejuk', 'indah sejuk', 'indah sejuk']"
61,33,61_samudra_awan_awanya_lautan,"['samudra', 'awan', 'awanya', 'lautan', 'samudera', 'diatas', 'kitab', 'krispy', 'brow', 'ocean']","['mantap samudra awan', 'pemandangan indah samudra awan', 'samudra awan']"
62,32,62_menakjubkan_amazing_great_pemandangan,"['menakjubkan', 'amazing', 'great', 'pemandangan', 'exps', 'placeawesome', 'indahdiselimuti', 'chiling', 'magnificent', 'dibeli']","['pemandangan menakjubkan', 'pemandangan menakjubkan', 'pemandangan menakjubkan']"
63,32,63_surya_kencana_alun_cantik,"['surya', 'kencana', 'alun', 'cantik', 'keindahanya', 'medium', 'ladang', 'level', 'bahagia', 'kentang']","['surya kencana indah', 'surya kencana indah', 'indah banget alun surya kencana']"
64,32,64_awan_negeri_lautan_lunas,"['awan', 'negeri', 'lautan', 'lunas', 'hujan', 'samudra', 'terkenal', 'awanya', 'kabupaten', 'gunung']","['gunung indah puncaknya negeri awan treknya menantang terjal bonus sumber mata air', 'gunung indah puncaknya negeri awan treknya menantang terjal bonus sumber mata air', 'gunung negeri diatas awan orang mendaki berpendapat lelah mendaki berselfie menurutku beda gunung negeri diatas awan menikmati proses betapa lelahnya kepuncak keluhan menarik menikmati hasilnya']"
65,32,65_hujan_bayangan_kabut_diguyur,"['hujan', 'bayangan', 'kabut', 'diguyur', 'awanya', 'gelar', 'ponco', 'kemarin', 'berdoa', 'kolbak']","['kawah berjalan kaki parkir ojek pos dilanjutkan jalan kaki meter cuaca sejuk dingin tiupan angin kencang menambah dingin siapkan ponco sewaktuwaktu turun hujan gerimis hinga hujan deras', 'via cidahu minimal orang regu tertipu mdplnya jalur ekstrim turun bukit musim hujan bahaya karna treknya sungai seru pos pendakian simpang bajuri jam simpang bajuri puncak bayangan jam puncak bayangan puncak jam', 'september via cidahu vegetasinya puncak pohon rawa gelar tenda pemandangan menarik samudra awanya kebanyakan muncak penasaran medantrek pendakianya komplit direkomendasikan mendaki hujan ketemu trek berlumpur']"
66,32,66_nan_hapy_dateng_twa,"['nan', 'hapy', 'dateng', 'twa', 'nagih', '', '', '', '', '']","['nan', 'nan', 'nan']"
67,31,67_sunrise_sunrisenya_terbaik_spot,"['sunrise', 'sunrisenya', 'terbaik', 'spot', 'hunting', 'terbit', 'muncaknya', 'nay', 'terbaiknya', 'djiwa']","['sunrise terbaik garut pemandangan', 'sunrise spot mantap', 'sunrise puncak']"
68,31,68_toilet_kamar_mushola_warung,"['toilet', 'kamar', 'mushola', 'warung', 'clean', 'facility', 'mandi', 'tertata', 'saladah', 'pondok']","['masya alah mata minus menikmati indahnya alam alah swt ciptakan hambanya sbg pengingat dlm beribadah alah swt kamar mandi bersih jajanan beli pos terjangkau banget', 'nice camp ground rest area prior sumit atack great pemandangan complete facility water suply clean toilet prayer rom', 'trek bersahabat pemula warung camp pondok saladah mushola toilet nyaman']"
69,30,69_scenery_nice_beautiful_pemandangan,"['scenery', 'nice', 'beautiful', 'pemandangan', 'bagus', 'scenes', 'landscapenya', 'landscape', 'views', 'panorama']","['scenery beautiful', 'beautiful scenery', 'nice pemandangan scenery']"
70,30,70_cerita_putri_sejarah_penuh,"['cerita', 'putri', 'sejarah', 'penuh', 'nambah', 'via', 'permasalahanya', 'lantas', 'penalaman', 'beut']","['cerita pendakian', 'cerita', 'cerita']"
71,30,71_tempatnya_strategis_keren_education,"['tempatnya', 'strategis', 'keren', 'education', 'lokasiy', 'lempong', 'kesanamantap', 'muncakali', 'yup', 'ngagenin']","['tempatnya keren', 'tempatnya keren', 'tempatnya keren']"
72,29,72_bunga_edelweis_abadi_hamparan,"['bunga', 'edelweis', 'abadi', 'hamparan', 'flower', 'edelweisnya', 'taman', 'garden', 'dipenuhi', 'beautiful']","['hamparan bunga edelweis', 'indah hamparan bunga edelweis', 'pemandanganya indah hamparan bunga edelweis bunga abadi luas']"
73,29,73_surya_kencana_alun_rindu,"['surya', 'kencana', 'alun', 'rindu', 'sunset', 'matahari', 'candu', 'ngangenin', 'nmembuatku', 'sengaknya']","['rindu surya kencana', 'alun alun surya kencana', 'alun alun surya kencana']"
74,29,74_asri_hijau_terjaga_hijauhijau,"['asri', 'hijau', 'terjaga', 'hijauhijau', 'hapyback', 'favoritsuasananya', 'indahsejuk', 'abuchildrens', 'sueugeurbanget', 'lelahya']","['pemandanganya asri', 'tempatnya asri', 'indah asri']"
75,28,75_surya_kencana_sunrise_terbaik,"['surya', 'kencana', 'sunrise', 'terbaik', 'sept', 'inget', 'especialy', 'mountain', 'gedepangrango', 'dataran']","['myth says mountain biger spiritual energy scenery place realy beautiful especialy sunrise get clear sight', 'gunung syahrul sept warungnya akeh surya kencananya dingin banget eh sept salju surya kencana pemandangan puncaknya kawah kawahnya tanjakanya lumayan pemula best', 'beautiful mountain surya kencana']"
76,28,76_cuaca_cerah_mendukung_cuacanya,"['cuaca', 'cerah', 'mendukung', 'cuacanya', 'berembun', 'bisaku', 'cerahanya', 'des', 'mantaphawa', 'gapai']","['keren cuaca bagus', 'mantap cuaca bagus', 'cuaca bagus']"
77,27,77_pagi_kemarin_sore_alhamdulilah,"['pagi', 'kemarin', 'sore', 'alhamdulilah', 'kabut', 'siang', 'mendung', 'menghilangkan', 'cuaca', 'turunya']","['sore pagi kena badai alhamdulilah dikasih puncak', 'alhamdulilah kesempatan kali nanjak keindahan pemandangan samudra awan pagi sore', 'bagus kesana pagi jam pagi turunya siang sehinga panas']"
78,27,78_mati_hutan_letusan_terbakar,"['mati', 'hutan', 'letusan', 'terbakar', 'spot', 'dead', 'nampak', 'sepeda', 'cantigi', 'foto']","['hutan mati gunung keinget nanjak hutan mati lokasi dk tuju pondok saladah seandainya dateng pas kondisi kabut suasana berasa film horor sayang banget sih diujung hutan mati dibikin spot foto kesan alaminya hilang ya hutan mati tuh afdol hehehe', 'hutan mati spot favorit pendaki berfoto hutan luas tumbuhanya mati letusan gunung disebutlah hutan mati', 'iconik gunung spot foto terbaik gunung orang papandayang penasaran eksotisan keunikan hutan mati disana serasa duanya mengmiliki aroma tersensiri hutan mati menjadikanya spot foto preweding nuansa syahdunya disana pemandangan suasananya spesial terlepa maksud pohon mati cocok suasana preweding seni menyambung nyambungkan penganalogianya nilai prewed hutan mati sayan bilang disana aksesnya mudah fasilitas disediakan tirik dilewati pendaki selemah lemahnya orang nyampek hutan mati lecuali badai hujan angin panas panasnya siang mendirikan camp pondok salada jaraknya hutan mati pilihan berfoto hutan mati improve ok foto diambil letingianya diatas seribu meter otomatis kondisi langot hutan mati clear nampak biru dibandibgkan kota polusi debu labgot begroun nampak clear object tajam artistik ditambah susunak bentuk pepohonan mati kayu mati mencoklat warna tanahnya khas hutan mati kawah gunung kondisi hutan mati terkontaminasi belerang nampak berwarna putih rada kuninf kuningan semajin bagus rapat pohonya ujung hutan mati nampak kawah aktif mengeluarkan asap belerang air panas bumi beruntuk foto asap menghumpal layaknya awan kintonya son goku explore disana posisi sunrise bagus hutan mati langsung berhadapan matahari terbit banding sunset terhalan gunung dibelakanya kadan kuning matahari disana hutan mati jalanya kriklil abis musim kemaru berdebu bagus baguskaret sepatu pendaki tetep rawan tergelincir pasir hati hati memijakan kaki memilih bebatuan tumpuhan jalan pondok sala landaibtapi memutar langsung direct pendek lwbih cepat terbiasa berat hutan mati leinginan tracknya jalanya']"
79,27,79_dingin_jaket_sejuk_udara,"['dingin', 'jaket', 'sejuk', 'udara', 'suhu', 'suguhi', 'segar', 'sejuknya', 'kaos', 'sarung']","['kandang badak lezat camp cari bagus spotnya batu cuacanya dingin usahakan bawa tenda proporsional sleping bag tebal jaket hangat lupa sarung tangan kaos kaki tebal', 'kali merasakan kali tidur kedinginan teramat suhu sat mencapai derajat celcius ukur termometer digital suhu terendahnya aliran mata air air minum padang edelwes rindu menikmati segelas kopi ditemani sahabat moment langka berharga', 'bagus majalengka udaranya segar dingin airnya lezat pokoknya kaku maja lengka nenek majalengka suka majalengka lezat tempatnya oke majalengka udaranya segar airnya dingin bay kesanaya engak rugi']"
80,27,80_indonesia_pencinta_tuhan_dipijak,"['indonesia', 'pencinta', 'tuhan', 'dipijak', 'langit', 'alam', 'salah', 'cucu', 'cinta', 'disenangi']","['pendakian gunung salah menikmati alam indonesia', 'wisata gunung indonesia', 'wisata gunung indonesia']"
81,27,81_parkir_parkiran_bayar_parkirnya,"['parkir', 'parkiran', 'bayar', 'parkirnya', 'mobil', 'aman', 'ramah', 'mck', 'luasayang', 'luasdan']","['fasilitasnya apuy lumayan mushala mck parkir motor parkir mobil', 'persiapan berangkat keatas parkiran warung kamar halaman lumayan parkir mobil motor petugas pengelola ramah komunikatif', 'area parkir luas sayang masuk bayar mobil bayar area parkir parkir bayar kocag']"
82,27,82_tempatnya_indah_indomienya_bgtpengen,"['tempatnya', 'indah', 'indomienya', 'bgtpengen', 'nagih', 'kitu', 'sejut', 'nice', 'lezat', 'kenangan']","['indah tempatnya', 'tempatnya indah', 'tempatnya indah']"
83,27,83_rekomendasi_recomended_recomend_expert,"['rekomendasi', 'recomended', 'recomend', 'expert', 'direkomendasikan', 'hobi', 'isnt', 'suced', 'recomeded', 'tried']","['gunung rekomendasi pendaki pemula', 'rekomendasi pemula pendakian gunung', 'gunung rekomendasi pemula']"
84,26,84_indonesia_wonderful_indonesiaku_pesona,"['indonesia', 'wonderful', 'indonesiaku', 'pesona', 'merdeka', 'dusta', 'indonsia', 'apik', 'international', 'cintailah']","['pesona indonesia', 'pesona alam indonesia', 'mantap indonesia']"
85,26,85_barat_jawa_mdpl_tertingi,"['barat', 'jawa', 'mdpl', 'tertingi', 'ketingian', 'batu', 'apuy', 'gunung', 'lingarjati', 'pecinta']","['satunya gunung wilayah jawa barat naiki kesini karna suport temanakhirnya berangkat solo stasiun cirebon ketemu rombongan gombongsetelah sapa kenalan gabung dirombongan inientah naiknya hehe jalur lingarjati laluitreknya aduhai lutut dagu bertemu trek memandang laut keren gunung trek aduhai', 'gunung gunung terletak kabupaten garut jawa barat gunung memiliki ketingian mdpl gunung tertingi kempat jawa barat gunung gunung perbatasan kecamatan bayongbong cikajang dayeuh mangung pastinya pengalaman terbaru mencapai puncak gunung', 'highest mountain west java ketingian mdpl track pendakianya apuy lingarjati track apuy menantang jalur pendakianya memiliki pos dimana pos pos menarik goa walet puncak indah kawah cantik udara puncak dingin rambut berkristal direkomendasi pendakian jawa barat']"
86,25,86_favorit_jabodetabek_terbaik_suka,"['favorit', 'jabodetabek', 'terbaik', 'suka', 'pacu', 'owenmau', 'wkekeke', 'salh', 'jabotabek', 'favorite']","['salah puncak gunung favorit', 'gunung favorit warga jabodetabek', 'gunung favorit pendaki']"
87,25,87_pemula_cocok_pendaki_aman,"['pemula', 'cocok', 'pendaki', 'aman', 'nge', 'nga', 'asyik', 'kawahnya', 'god', 'pas']","['cocok pendaki pemula', 'cocok pendaki pemula', 'cocok pendaki pemula']"
88,24,88_camp_emng_base_tergolong,"['camp', 'emng', 'base', 'tergolong', 'btngp', 'campser', 'gratisnya', 'geng', 'bacecamp', 'menikmatitidakuntukmerusak']","['recomended base camp pendakian orangnya ramah hatur nuhun trek pendakianya manga raosan', 'jarak camp pos emng pos lezat adem tukang warungnya asik buah asem gratisnya', 'olahraga liburan mantep yekan temen geng nge camp melelas penat kerutinitas sprti tupa berlibur menikmatitidakuntukmerusak']"
89,24,89_ramah_warganya_orangnya_gila,"['ramah', 'warganya', 'orangnya', 'gila', 'petugasnya', 'nyaman', 'penjaganya', 'pelayananya', 'tempatnya', 'sekaliorangnya']","['bagus warganya ramah', 'pelayananya bagus warganya ramah ramah', 'pemandanganya indah warganya ramah ramah']"
90,24,90_pokoknya_mantap_mantaplah_lahseru,"['pokoknya', 'mantap', 'mantaplah', 'lahseru', 'cepat', 'mantablah', 'poko', 'aslinya', 'move', 'tungu']","['pokoknya mantap', 'pokoknya mantap', 'mantap pokoknya']"
91,24,91_keren_gunungnya_gaenaknya_awantiket,"['keren', 'gunungnya', 'gaenaknya', 'awantiket', 'mancurny', 'kutub', 'kerenkata', 'perfact', 'singing', 'parango']","['gunungnya keren', 'keren gunungnya', 'gunungnya keren']"
92,23,92_menantang_tantanganya_tantangan_tantangany,"['menantang', 'tantanganya', 'tantangan', 'tantangany', 'alamiada', 'tantanganharus', 'utanyamenegangkan', 'tantanganyapalagi', 'disingahi', 'inspirasi']","['menantang', 'menantang', 'menantang']"
93,22,93_sejuk_seger_pemandanganya_enel,"['sejuk', 'seger', 'pemandanganya', 'enel', 'biasaeksotis', 'seta', 'indah', 'nian', 'ijo', 'kuning']","['pemandangan indah sejuk', 'sejuk pemandanganya indah', 'pemandanganya indah sejuk']"
94,22,94_pemandanganya_bagus_menarik_pemandangan,"['pemandanganya', 'bagus', 'menarik', 'pemandangan', '', '', '', '', '', '']","['pemandanganya bagus', 'pemandanganya bagus', 'pemandanganya bagus']"
95,22,95_awan_sni_surga_diatas,"['awan', 'sni', 'surga', 'diatas', 'badai', 'negeri', 'embum', 'anjim', 'bencana', 'badainya']","['surga diatas awan', 'puncak diatas awan', 'pemandangan awan']"
96,21,96_sejuk_kota_pegunungan_gunungnya,"['sejuk', 'kota', 'pegunungan', 'gunungnya', 'esmasih', 'emazing', 'setahun', 'vg', 'wodlandkuningan', 'melintasimelewati']","['tempatnya mengagumkan sejuk banget wow emazing gunung bagus keren sejuk dipandang top banget wisata garut', 'perjalanan nyaman rute mudah lalui jalan aspal mulus suasana sejuk disertai pemandangan indah layar gunung lokasi wodlandkuningan', 'excelent getaway jakarta chalenging air panas refreshing locals friendly although litle higher gunung scenery impresive must chose sumit']"
97,21,97_menguras_tenaga_pendakian_amatir,"['menguras', 'tenaga', 'pendakian', 'amatir', 'okpuas', 'nyalumayan', 'subang', 'ngaco', 'ciater', 'digemari']","['pendakian menguras tenaga karna trek ekstrim', 'track pendakian menguras tenaga', 'luarbiasa trek nyalumayan menguras tenaga puncaknya']"
98,21,98_keluarga_ajaka_keheningan_juganaik,"['keluarga', 'ajaka', 'keheningan', 'juganaik', 'swis', 'nasinal', 'didagi', 'cocok', 'swasta', 'wisata']","['gunung indah cocok membawa keluarga', 'gunung wisata keluarga', 'wisata gunung keluarga']"
99,21,99_menantang_jengot_penyuka_cita,"['menantang', 'jengot', 'penyuka', 'cita', 'medanya', 'kelas', 'tantangan', 'tracking', 'tapak', 'bertemu']","['gurung via kiara jengot favorit trek trek extrem menantang kemampuan mendaki pendaki selamat mencoba via kiara jengot', 'perjalanan membuatku berfikir keras susahnya mendaki melambangkan kehidupan mencapai cita cita mudah rintangan coban lalui', 'nyaman kelas penyuka tantangan kelas guide ramah perjalanan melelahkan terlewati terheran perjalanan tempuh jalan mendaki menurun']"
100,21,100_terima_pelayanan_kasih_pelayananya,"['terima', 'pelayanan', 'kasih', 'pelayananya', 'gogle', 'iwan', 'xsama', 'pesonamu', 'sekuritinya', 'rs']","['terima kasih iwan rental mobil cirebon pelayanan memuaskan', 'bagus pemandanganya adem warung terima kasih', 'pengalaman terima kasih']"
101,20,101_surganya_terahir_melayani_pendaki,"['surganya', 'terahir', 'melayani', 'pendaki', 'sip', 'berteduh', 'mendaki', 'membuatku', 'surga', 'pendakian']","['pendakian terahir', 'surganya pendaki', 'surganya pendaki']"
102,20,102_semoga_terjaga_kelestarianya_amin,"['semoga', 'terjaga', 'kelestarianya', 'amin', 'realisasi', 'ayang', 'kesini', 'berharap', 'segi', 'planet']","['semoga kesini', 'semoga kesini', 'semoga kesini']"
103,20,103_bonus_wkwkw_selamat_minim,"['bonus', 'wkwkw', 'selamat', 'minim', 'bonusnya', 'treknya', 'gmana', 'bonusnyatapi', 'bonuslandai', 'nyeruduk']","['puncak bonus tujuan utama pulang selamat', 'bonus jalur palutungan', 'treknya bonus']"
104,20,104_cimalati_bunder_goa_reungit,"['cimalati', 'bunder', 'goa', 'reungit', 'kandang', 'badak', 'start', 'curug', 'melewati', 'via']","['subhanalah kali mendaki gunung jalur palutungan buka tenda pesangrahan peralatan perlengkapan pendakian tingal ber dikawal ayah membawa logistik minum menempuh perjalanan jam melewati apuy goa walet sampailah puncak gunung indah megah inshalah mendaki gunung', 'goa walet goa terletak ketingian mdpl terletak gunung pendaki dijadikan persingahan beristirahat melanjutkan perjalanan puncak gunung goa walet resapan air persedian air pendaki keberadan airnya tergantung cuaca mendaki gunung harap membawa persedian air', 'pos pendakian gunung lokasi legal mendaki gunung via cidahu via cimalati via gunung bunder pasir reungit sat ramai dikunjungi via cimalati gunung bunder jalur parah jalur via pasir reungit jalur cidahu via gunung bunder tujuan kawah ratu via cimalati lezat pendaki']"
105,19,105_top_markotop_mantapjalurnya_nyeselkalau,"['top', 'markotop', 'mantapjalurnya', 'nyeselkalau', 'poinya', 'mntul', 'majakuning', 'puncak', 'tuntas', 'ampe']","['top poinya jawabarat', 'top markotop', 'top markotop']"
106,19,106_pemula_bagus_cigowong_berbatunya,"['pemula', 'bagus', 'cigowong', 'berbatunya', 'kisruh', 'tempatnyaenak', 'rintanganya', 'cocok', 'tracknya', 'jahat']","['tempatnya bagus cocok hiking pemula tanjakan terjal', 'cocok pendaki pemula treknya trlalu jahat cinta heheh', 'cocok pemula tracknya mudah rintanganya tanjakan omon terjal banget']"
107,19,107_hujan_guyur_diguyur_badai,"['hujan', 'guyur', 'diguyur', 'badai', 'asyikapa', 'pendakiam', 'damp', 'juaranya', 'licinkabut', 'hujanmasak']","['hujan hujan kesini malam menyerah hati puncak', 'tempatnya bagus sayang kesana kena badai diguyur hujan pendakiam', 'pos mendekati magrib hujanya belom reda track basah guyur hujan lumayan']"
108,19,108_tertingi_jawa_barat_aktifdengan,"['tertingi', 'jawa', 'barat', 'aktifdengan', 'lingkunga', 'terkategori', 'done', 'impian', 'baratdan', 'temen']","['gunung tertingi jawa barat', 'gunung tertingi jawa barat', 'gunung tertingi jawa barat']"
109,18,109_nya_bagus_ok_tmpatnya,"['nya', 'bagus', 'ok', 'tmpatnya', 'akurat', 'maju', 'sip', 'okay', 'bagusnya', 'euy']","['nya bagus', 'nya bagus', 'ok sip tmpatnya']"
110,18,110_pemula_beginer_mantep_first,"['pemula', 'beginer', 'mantep', 'first', 'disni', 'tek', 'sk', 'tok', 'enakeun', 'ngadem']","['mantap pemula', 'mantap pemula', 'pemula']"
111,18,111_masjid_tersedia_parkir_tanda,"['masjid', 'tersedia', 'parkir', 'tanda', 'fasilitas', 'signal', 'warung', 'luas', 'klu', 'terawat']","['parkiran luas masjid nyaman bersih rekreasi keluarga', 'disuguhkan kabut tebal berujung hujan disarankan memakai jaket tebal membawa jas hujan treknya landai bagus pemula harga sesuai fasilitas biaya masuk rborang parkir rbmotor wekday biaya parkir disediakan fasilitas penitipan barang helm sehinga barangbarang aman hujan jalan lokasi bagus dilengkapi tanda membantu pengendara menghadapi tanjakan turunan curam fasilitas toilet tersedia memadai masjid beribadah pos fasilitasnya memadai warung toilet mushola harganya mahal fasilitas disediakan memudahkan wisatawan pendaki', 'pemandanganya indah sejuk cocok pendaki pemula fasilitas lengkap toilet masjid tersedia jajanan tersedia area parkir luas']"
112,17,112_tenda_bp_padet_basecamp,"['tenda', 'bp', 'padet', 'basecamp', 'tas', 'permit', 'opik', 'lingardjati', 'camping', 'reach']","['camp utama camp situasi mendesak mendirikan tenda tenda sumber air disebelah kanan arah datangnya pendaki turun kebawah sumber air sumber air panas disebelah kiri arah datangnya pendakian jalan turun jarak dibandingkan sumber air dingin dipos kandang batu pohon pangkalnya rapuh pendaki diharap waspada terlena area datar disekitar pohon disat curah hujan tingi angin kencang', 'fantastic place stuning views top mount days night permit cibodas gate cost rp foreigners plus rp compulsory medical check takes min could potentialy go without permit start hike early finish late guards entrance arent always id say pm get realy crowded wekend tok us around h hours reach hot springs entrance mim reach camp site betwen two volcanoes hour reach mount trail stepest hike side lot liter shelters campsite fun', 'pos pendakian puncak gunung ceremai jalur lingasana layak transit pendaki tersedia fasilitas mck bersih barak tidur beratap dinding warung bp opik pos tiket mushola camping ground spot foto pemandangan indah parkir luas area bersih penjaganya ramah keterangan seputar lokasi pendakian penjaga merangkap ranger guide tim sar pengunjung diharapkan mematuhi peraturan ditetapkan mengikuti arahan ranger disana pos lokasinya bersih tempatempat sampah camping mendaki kekurangan perlengkapan utama tenda sleping bag matras tidur langsung menyewa harga relatif murah udara dingin musim kemarau pepohonan hutan heterogen batas taman nasional gunung ceremai suara satwa dilindungi burung tupai monyet beruntung pagi musim monyet bergerombol seberang lembah lokasi dicapai jalan raya lingardjati arah jalan raya cirebon kuningan masuk jalan lingardjati lurus sd desa lingasana jalan mentok pos pendaki berencana kegiatan pendakian jalur menghubingi bp taufiq opik wa bp adi sunadi wa beliau petugas ranger resmi disana']"
113,17,113_cakep_cakepnya_ekstrim_cakepbeda,"['cakep', 'cakepnya', 'ekstrim', 'cakepbeda', 'cakepajib', 'gedecocok', 'cipran', 'cakeub', 'profesionalpegawai', 'barangnya']","['pemandangan cakep betah puncaknya', 'cakep banget dinginya', 'cakep cakep barangnya']"
114,17,114_pemandanganya_oke_pemandngan_bagus,"['pemandanganya', 'oke', 'pemandngan', 'bagus', 'kelihatanya', 'ok', 'super', 'god', 'pemandangan', '']","['bagus pemandanganya', 'bagus pemandanganya', 'bagus pemandanganya']"
115,17,115_kawan_adit_teman_bersahabat,"['kawan', 'adit', 'teman', 'bersahabat', 'kebersaman', 'curva', 'terbayarklu', 'penambah', 'sensei', 'tertawa']","['asiknyo kesinj sl bareng teman nganter sensei jepun', 'keseruan kawan kawan sat bagas', 'hebat kesana adit kawan adit adit tolong pas jatuh z']"
116,17,116_pemula_cocok_kren_beginers,"['pemula', 'cocok', 'kren', 'beginers', 'perfect', 'bagus', 'lezat', 'mantap', '', '']","['cocok pemula', 'cocok pemula', 'cocok pemula']"
117,17,117_tempatnya_bagus_pkoknya_tempata,"['tempatnya', 'bagus', 'pkoknya', 'tempata', 'sejukindah', 'ok', 'baget', 'monyet', 'lokasi', 'suasanya']","['bagus banget tempatnya', 'bagus banget tempatnya', 'bagus banget tempatnya']"
118,17,118_love_place_loved_ambiance,"['love', 'place', 'loved', 'ambiance', 'like', 'country', 'loks', 'tembus', 'always', 'land']","['love place', 'love place', 'love place']"
119,17,119_bagus_gunungnya_gunugya_gunungnyabgus,"['bagus', 'gunungnya', 'gunugya', 'gunungnyabgus', 'pergununganya', 'nyam', 'hayang', 'pemadangan', 'coy', 'sawah']","['bagus gunungnya cape mendakinya ha', 'gunugya bagus kemah pergununganya bagus', 'bagus gunungnya']"
120,16,120_keren_pemandanganya_pict_abis,"['keren', 'pemandanganya', 'pict', 'abis', 'another', 'lok', 'ig', 'slamet', 'pemandangan', 'ajib']","['keren banget pemandanganya', 'keren banget pemandanganya', 'keren banget pemandanganya']"
121,16,121_camping_camp_jib_favorit,"['camping', 'camp', 'jib', 'favorit', 'kenal', 'memanjang', 'suryakencananya', 'sejuknya', 'last', 'bismilah']","['camping ground puncak gunung lokasinya luas savana memanjang', 'kenal gunung gunung campnya tempatnya jib camp', 'suka banget last experience berasa kesan gunung sejuk tenang next time bismilah camping disana']"
122,16,122_mantap_pemandanganya_terganti_undah,"['mantap', 'pemandanganya', 'terganti', 'undah', 'kren', 'na', 'mantaf', 'pemandangan', 'melelahkan', 'ya']","['mantap pemandanganya', 'pemandanganya mantap', 'mantap pemandanganya']"
123,16,123_pasar_pekan_wekend_rame,"['pasar', 'pekan', 'wekend', 'rame', 'sabtu', 'dikala', 'long', 'mingu', 'pasaran', 'banjarwangi']","['ramai sabtu mingu long wekend', 'rame pasar puncak orang jualan', 'mendaki pekan pasar malam']"
124,16,124_masker_bau_baunya_belerang,"['masker', 'bau', 'baunya', 'belerang', 'buf', 'menyengat', 'pakai', 'bawa', 'lupa', 'apa']","['nympe ksini kabutnya huhu keliatan sma mata tlnjang kawahnya mendaki disekitar kawah sbisa pke masker buf ya krna bau blerangnya mnyengat sma jgn lupa bwa air mineral', 'lupa bawa masker kamera wajib', 'gunung berapinya aktif kawahnya aktif apa-apa kesini masker menyengat baunya saran tetep bawa masker tau pas angin menyengat baunya']"
125,16,125_hutan_menikmat_matidan_mantef,"['hutan', 'menikmat', 'matidan', 'mantef', 'lembabnya', 'tumbangada', 'nh', 'edelweis', 'melestarikanya', 'obstacle']","['gunung terletak daerah sunda pepohonan hijau rimbun patut menjaga melestarikanya', 'trip tracking mountain terdekat jakarta kangen aroma hutan lembabnya tanah tingal cus jumat malem fasilitas keamanan lengkap', 'menikmat hutan rimba nh gunung mantap dh tingi tracknya sadis landay']"
126,15,126_pengalaman_bagiku_papandayana_ciremaidan,"['pengalaman', 'bagiku', 'papandayana', 'ciremaidan', 'mengembirakan', 'menyenagkan', 'biarpun', 'keramahan', 'terlupakan', 'rekan']","['petualangan gunung keramahan petugasnya mengesankan bagiku', 'pengalaman terlupakan pepohonan bunga edelweis gunung papandayana', 'x gunung via palutungan via trisakti sadarehe pengalaman mengembirakan']"
127,15,127_mount_park_national_hikers,"['mount', 'park', 'national', 'hikers', 'sense', 'chalenging', 'surounding', 'breathtaking', 'visitors', 'beauty']","['mount elder twin majestic peak ofering chalenging yet rewarding hiking experience step slopes diverse ecosystems lush rainforests alpine meadows make favorite among adventure sekers reaching sumit triumph rewarded breathtaking panoramic views surounding mountains valeys presence iconic alunalun surya vast open space sumit ads alure demanding physical preparation mount gedes natural beauty sense acomplishment make mustvisit experienced hikers', 'mount stuning volcanic mountain located west java indonesia mountain popular destination adventurous hikers want experience beautiful landscapes chalenging terain region trail sumit mount welmaintained hikers expect encounter range diferent environments journey dense forests rocky ridges pemandangan sumit mountain truly breathtaking ofering panoramic views surounding countryside ascent mount fainthearted wel worth efort chalenge hike sumit take anywhere six ten hours depending fitnes level route chose along way wil encounter variety flora fauna including monkeys birds various species plants several rest points along trail hikers stop catch breath take stuning scenery one apealing aspects mount sense acomplishment comes reaching sumit hike physicaly demanding also mentaly chalenging requiring focus determination perseverance hikers make top mountain rewarded sense achievement experiences match loking memorable adventure indonesia mount excelent choice', 'mount national park amazing destination love nature outdor activities located west java indonesia national park covers large area aproximately hectares park home various species flora fauna including javan leopards barking der javan gibons visitors also explore parks waterfals hot springs scenic trails park welmaintained visitors enjoy safe clean environment exploring natural wonders area one highlights mount national park hiking trail leads sumit mount hike chalenging reward worth visitors enjoy stuning views surounding mountains valeys sumit along way hikers wil encounter various vegetation zones including subalpine montane forests trail welmarked hikers enjoy beauty forest sound birds wildlife overal hike great adventure love outdors want chalenge another great activity mount national park camping park several camping areas visitors set tents enjoy night stars camping areas clean welmaintained visitors enjoy peaceful environment park adition camping visitors also enjoy activities fishing bird watching picnicking park great place families friends spend time together create memorable experiences conclusion mount national park mustvisit destination nature lovers outdor enthusiasts park ofers variety activities cater diferent interests hiking camping fishing bird watching visitors enjoy safe clean environment exploring natural wonders area whether youre loking adventure relaxation mount national park something everyone']"
128,15,128_liburan_sekeluargapacar_asrienak_baguscocok,"['liburan', 'sekeluargapacar', 'asrienak', 'baguscocok', 'sep', 'mising', 'mengisi', 'never', 'asik', 'gaes']","['liburan alam kesini', 'cocok liburan', 'bagus liburan']"
129,15,129_selfy_budya_alamnyabagus_mahmud,"['selfy', 'budya', 'alamnyabagus', 'mahmud', 'sunguh', 'alami', 'nature', 'pemandangan', 'doyan', 'tema']","['sunguh menakjubkan pemandangan indah budya alam', 'asik berekreasi tema outdor ditambah pemandangan indah alami', 'pemandangan indah cocok mahmud doyan selfy alam']"
130,15,130_parkir_jarak_elevasi_parkiran,"['parkir', 'jarak', 'elevasi', 'parkiran', 'menit', 'terdekat', 'poto', 'kecewalahan', 'luaskawah', 'luasbanyak']","['pemandangan indah lelah menempuhnya kondisi wisata sayang listrik masuk kesana siapkan power bank stok charge hp kamera tarif parkir sukarela parkiran', 'masyaloh pemandangan super duper keren ngak lawan perjuangan jarak parkir elevasi gain meter parkir menit nyampe kecepatan lambat poto poto', 'keindahan tersembunyi wilayah garutjarang tereksposluar pemandangan keindahanyadijamin kecewalahan parkir luastaman edelweis luaskawah mempesonaudara sejukpasti capeknya terobaticukup jl raya cisurupan menit roda']"
131,15,131_hiruk_kota_pikuk_kehidupan,"['hiruk', 'kota', 'pikuk', 'kehidupan', 'atap', 'jabar', 'aso', 'metropol', 'ibuku', 'berlelahlelah']","['tmpat bersantai selasela hiruk pikuk kota', 'cok pngn liburan penat hiruk pikuk kota', 'pelarian terbaik hiruk pikuk kehidupan kota berlelahlelah membuang kelelahan kejamnya kota terindah mengadu mendekati tuhan ibuku pas mengembalikan semangat juang kehidupan']"
132,15,132_pemandanganya_pemandangan_jos_,"['pemandanganya', 'pemandangan', 'jos', '', '', '', '', '', '', '']","['pemandanganya', 'pemandanganya', 'pemandanganya']"
133,15,133_membantu_abis_info_ak,"['membantu', 'abis', 'info', 'ak', 'semuainformasi', 'jelasdtg', 'informasinya', 'dianter', 'pengetahuan', 'termudah']","['membantu', 'membantu', 'semuainformasi gng terima jelasdtg plg dianter nuhun ak']"
134,15,134_ngadem_cocok_akuratany_luang,"['ngadem', 'cocok', 'akuratany', 'luang', 'ekspektasi', 'ekspetasi', 'sesuai', 'tingkatkan', 'bersantai', 'mengisi']","['cocok mengisi luang', 'cocok ngadem', 'cocok ngadem']"
135,14,135_traveling_mengesankan_perjalanan_perjalananya,"['traveling', 'mengesankan', 'perjalanan', 'perjalananya', 'lubangnya', 'momenya', 'bwt', 'unforgetable', 'wisatanya', 'journey']","['perjalanan mengesankan', 'mantap bro traveling', 'bwt traveling mantap']"
136,14,136_puas_puncak__,"['puas', 'puncak', '', '', '', '', '', '', '', '']","['', 'puncak', 'puas']"
137,13,137_sejuk_alamnya_nan_alami,"['sejuk', 'alamnya', 'nan', 'alami', 'kekacauanmantap', 'hepi', 'bolak', 'bentang', 'terjaga', 'primadona']","['sejuk indah pemandangan alamnya', 'pemandanganya alami nan sejuk', 'indah nan sejuk alami']"
138,13,138_kencana_surya_timur_alun,"['kencana', 'surya', 'timur', 'alun', 'savana', 'barat', 'rindu', 'alunalun', 'mencapai', 'jugak']","['mengambarkan alun alun surya kencana rindu kangen pengen kesana yah arah barat campnya airnya beuh nyegerin il son surya kencana', 'rindu berat kesini takut rindukarena rindu seumur hidup alunalun surya kencana love surya kencana savana terbaik jawa barat menurutku kali kesini sunguh rela suasana asrimu', 'pos nama alun alun timur sisi timur surya kencana gerbang savana luas vegetasi hutan perjalanan vegetasi hutan alam jenis tau jenisnya heterogen perjalanan menanjak curam diawal surya kencana trek datar mencapai pos']"
139,13,139_liburanya_agof_petualangan_balance,"['liburanya', 'agof', 'petualangan', 'balance', 'hidup', 'ruar', 'pasilitas', 'terbatas', 'ane', 'muncak']","['pengalaman berkesan hidup muncak gunung', 'gunung penuh perjalanan hidup ane ruar', 'gunung asik muncak liburanya terbatas']"
140,13,140_tembatnya_nagihsuasananya_terlahir_persyaratanya,"['tembatnya', 'nagihsuasananya', 'terlahir', 'persyaratanya', 'berkesan', 'dirindukan', 'habisnya', 'nyantai', 'asik', 'membuatku']","['nagihsuasananya', 'tembatnya', 'terlahir']"
141,13,141_nyaman_sejuk_geoparknya_persingahan,"['nyaman', 'sejuk', 'geoparknya', 'persingahan', 'refresh', 'polusi', 'nuansa', 'mengesankan', 'tenang', 'dingin']","['sejuk nyaman', 'sejuk nyaman', 'sejuk nyaman']"
142,13,142_coba_wajib_gakan_lumayansilahkan,"['coba', 'wajib', 'gakan', 'lumayansilahkan', 'pemulasip', 'ntap', 'gambarnya', 'manteplah', 'sob', 'trakingnya']","['bagus deh wajib coba', 'seru wajib coba', 'pemula wajib coba']"
143,12,143_damai_kedamaian_pengemar_tenang,"['damai', 'kedamaian', 'pengemar', 'tenang', 'ketenangan', 'keramah', 'ketenanganmainya', 'tamahan', 'sejuksuasana', 'ketenaran']","['sejuk damai dipenuhi keramah tamahan warga', 'adem damai lezat', 'tenang damai']"
144,12,144_aluntanah_datardengan_benertempat_lainkeren,"['aluntanah', 'datardengan', 'benertempat', 'lainkeren', 'manteb', 'cowoku', 'dikunjingi', 'dogies', 'ditemuin', 'kapoknkesini']","['pengen kesana cowoku pamer donk pemandangan disana pengen', 'wajib dikunjingi trackingnya susah pemandangan mewah bawa dogies lucu deh', 'pemandangan manteb benertempat nga ditemuin ditempat lainkeren deh']"
145,12,145_tempatnya_bagus_ka_,"['tempatnya', 'bagus', 'ka', '', '', '', '', '', '', '']","['tempatnya bagus', 'tempatnya bagus', 'tempatnya bagus']"
146,12,146_ngeteh_crater_gradasi_bohong,"['ngeteh', 'crater', 'gradasi', 'bohong', 'halutinate', 'uper', 'membahagiankan', 'melelahkantapi', 'tetumbuhan', 'uhuy']","['warung ngeteh ngeteh menikmati pemandangan kawah puncak', 'great pemandangan many crater dont take long wil halutinate', 'nanjaknya lumyan melelahkantapi pemandangan membahagiankan uhuy']"
147,12,147_fisik_mental_kasi_sarankan,"['fisik', 'mental', 'kasi', 'sarankan', 'gng', 'bonus', 'post', 'kekuatan', 'simaksinya', 'nafas']","['pemula sya jalurnya gokil abis sihbikin dengkul nafas ngosanpadahal mdpl tracknya lohgak kasi bonusisanya ok lengkap pos simaksinya', 'via tapak geurot bc pos masi perkebunan warga tracknya pos puncak track sesunguhnya bonus butuh fisik kuat adrenalin fisik nafas mental teruji alhamdulilah tujuan jga terbayar', 'jalur worthith pendaki pemulapos simaksinya lengkap fasilitas adawarung musholatoiletshelter dlpas tracknya mental ujidengan jalurnya pos kasi bonustapi puas jalurnya lengkap petunjuk pos nyasilahkan coba']"
148,12,148_sunrise_terbenam_enjoy_matahari,"['sunrise', 'terbenam', 'enjoy', 'matahari', 'okt', 'interesting', 'seing', 'lihat', 'camp', 'camping']","['spot camping sunrise', 'pemandangan bagus sunrise camp pos perjalanan puncak', 'seing sunrise realy interesting go around morning camp david enjoy sunrise right time']"
149,12,149_mountain_mount_gunung_,"['mountain', 'mount', 'gunung', '', '', '', '', '', '', '']","['mount', 'mountain', 'mountain']"
150,12,150_keren_pemandanganya_benarbenar_pemandangan,"['keren', 'pemandanganya', 'benarbenar', 'pemandangan', '', '', '', '', '', '']","['pemandanganya keren', 'keren pemandanganya', 'keren pemandanganya']"
151,12,151_lengkap_fasilitasnya_fasilitas_kekeluargan,"['lengkap', 'fasilitasnya', 'fasilitas', 'kekeluargan', 'bnr', 'pasilitas', 'skrg', 'memadai', 'mantab', 'oke']","['fasilitas lengkap', 'fasilitas lengkap', 'fasilitasnya lengkap']"
152,11,152_nyaman_tempatnya_lokasinya_memuaskan,"['nyaman', 'tempatnya', 'lokasinya', 'memuaskan', 'destinasi', 'menarik', 'penuh', 'pengen', 'kesana', 'menantang']","['tempatnya nyaman', 'tempatnya nyaman', 'tempatnya nyaman']"
153,11,153_udara_sejuk_udaranya_tantangantantangan,"['udara', 'sejuk', 'udaranya', 'tantangantantangan', 'alres', 'susananya', 'besarkan', 'halamanku', 'umurku', 'kya']","['ketingian mdpl mt susananya sejuk udaranya menyegarkan pemandanganya indah kejauhan mt bagus indah', 'puas banget pemandangan indah udaranya beh dingin banget kya eropa belom move', 'kampung halamanku disana besarkan indah sejuk nyaman sat umurku pindah karawang']"
154,11,154_camping_realy_except_untik,"['camping', 'realy', 'except', 'untik', 'manfatkan', 'trashes', 'preman', 'extraordinary', 'liked', 'al']","['realy beautiful camp ground nice wind beautiful edelweis everywhere love quiet place', 'cocok manfatkan liburan orang terdekat cocok untik dijadikan camping loh pemandanganya indah cocok spot foto foto prawed', 'scenic beautiful place enjoyed camping al facilities except preman kampung']"
155,11,155_place_hiking_great_difucult,"['place', 'hiking', 'great', 'difucult', 'nice', 'loved', 'hike', 'god', 'dicapai', 'long']","['great place hiking area', 'great place hiking', 'great place hiking']"
156,11,156_lingkungan_lingkunganya_memperhatikan_menjaga,"['lingkungan', 'lingkunganya', 'memperhatikan', 'menjaga', 'kelestarian', 'pesan', 'kebersihan', 'pengelolan', 'apapun', 'amati']","['jagalah flora fauna lingkunganya pengunjung buanglah sampah tempatnya alam terjaga nyaman satwa amati kejauhan', 'bagus pengelolan fasilitas lingkungan menjaga lingkungan sampah', 'alam indah asri semoga pengelola mengerti memelihara alam nambah kerusakan semoga pengunjung memperhatikan kebersihan kelestarian alam']"
157,11,157_dramatic_trakingnya_lubang_distances,"['dramatic', 'trakingnya', 'lubang', 'distances', 'berbedacamping', 'alur', 'landaihanya', 'noteworthy', 'ngubek', 'particularly']","['gunung indah garut pos menampilkan pemandangan berbedacamping groundnya luasada fasilitas ojegtapi suka jalan kaki trakingnya landaihanya puncak hutan mati jalanya lumayan menanjak', 'one beautiful mountain west java also acesible many kind hikers even children hike craters amazing spot hutan mati mean dead forest dramatic spot', 'great hike minimum efort many unique spots explore within short distances dead forest particularly noteworthy dramatic pemandangan countles petrified tres portray irony desolation beautiful']"
158,10,158_healing_kebersamanya_kebugaran_udinya,"['healing', 'kebersamanya', 'kebugaran', 'udinya', 'kesehatan', 'sehat', 'ukuran', 'sukses', 'sumpah', 'nikmat']","['suasana keren pas healing', 'bagus healing', 'healing cocok banget']"
159,10,159_putri_lintas_via_cibodas,"['putri', 'lintas', 'via', 'cibodas', 'gbisa', 'nyimpang', 'keneh', 'mulainya', 'ptg', 'apah']","['kemaren putri lintas cibodas pemandanganya keren banget kandang badak cibodas pemandangan keren keren lewatin wisata nagih pokonya', 'jalur enakeun keneh jalur via putri pas turun nyimpang mendingan via cibodas', 'gngede kemarin jalur cibodas tujuan puncak treknya maknyus muter via putri cepat dikit trek putri curam via ptg keselamatan utama']"
160,10,160_pemula_tereknya_bagua_kesanah,"['pemula', 'tereknya', 'bagua', 'kesanah', 'pendaki', 'reungit', 'perjalananya', 'tuh', 'pasir', 'pintu']","['bagus pendaki pemula', 'pas pemula perjalananya tuh kangen pengen kesanah', 'tereknya lumayan pemula masuk pintu pasir reungit']"
